"識別id","利用時間","制限時間","手数料","制限事項1","制限事項2","種別","普通車","貨物用有り","二輪車","標章車専用有り"
1,"09:00-19:00","60","300",日曜・休日を除く,"１月１日〜３日を除く",パーキング・メーター,1,0,0,0
2,"09:00-19:00","60","300",日曜・休日を除く,"１月１日〜３日を除く",パーキング・チケット,1,0,0,0
3,"09:00-21:00","60","300",,"１月１日〜３日を除く",パーキング・メーター,1,1,0,0
4,"09:00-21:00","60","300",,"１月１日〜３日を除く",パーキング・メーター,1,1,0,0
5,"09:00-21:00","60","300",,"１月１日〜３日を除く",パーキング・メーター,1,1,0,0
6,"09:00-21:00","60","300",,"１月１日〜３日を除く",パーキング・メーター,1,1,0,0
7,"09:00-21:00","60","300",,"１月１日〜３日を除く",パーキング・メーター,1,1,0,0
8,"09:00-21:00","60","300",,"１月１日〜３日を除く",パーキング・メーター,1,1,0,0
9,"09:00-21:00","60","300",,"１月１日〜３日を除く",パーキング・メーター,1,1,0,0
10,"09:00-21:00","60","300",,"１月１日〜３日を除く",パーキング・メーター,1,1,0,0
13,"09:00-21:00","60","300",,"１月１日〜３日を除く",パーキング・メーター,1,1,0,0
14,"09:00-19:00","60","300",日曜・休日を除く,"１月１日〜３日を除く",パーキング・メーター,1,0,0,0
15,"09:00-19:00","60","300",日曜・休日を除く,"１月１日〜３日を除く",パーキング・メーター,1,0,0,0
17,"09:00-19:00","60","300",日曜・休日を除く,"１月１日〜３日を除く",パーキング・メーター,1,1,0,0
22,"09:00-19:00","60","300",日曜・休日を除く,"１月１日〜３日を除く",パーキング・メーター,1,1,0,0
23,"09:00-19:00","60","300",日曜・休日を除く,"１月１日〜３日を除く",パーキング・チケット,1,1,0,0
26,"09:00-19:00","60","300",日曜・休日を除く,"１月１日〜３日を除く",パーキング・メーター,1,1,0,0
27,"09:00-19:00","60","300",日曜・休日を除く,"１月１日〜３日を除く",パーキング・メーター,1,0,0,0
28,"09:00-19:00","60","300",日曜・休日を除く,"１月１日〜３日を除く",パーキング・メーター,1,1,0,0
29,"09:00-19:00","40","200",日曜・休日を除く,"１月１日〜３日を除く",パーキング・メーター,1,0,0,0
31,"09:00-19:00","60","300",日曜・休日を除く,"１月１日〜３日を除く",パーキング・メーター,1,1,0,0
32,"09:00-19:00","60","300",日曜・休日を除く,"１月１日〜３日を除く",パーキング・メーター,1,0,0,0
34,"09:00-19:00","60","300",日曜・休日を除く,"１月１日〜３日を除く",パーキング・メーター,1,0,0,0
35,"09:00-19:00","60","300",日曜・休日を除く,"１月１日〜３日を除く",パーキング・メーター,1,0,0,0
37,"09:00-19:00","60","300",日曜・休日を除く,"１月１日〜３日を除く",パーキング・メーター,1,0,0,0
38,"09:00-19:00","60","300",日曜・休日を除く,"１月１日〜３日を除く",パーキング・メーター,1,1,0,0
39,"09:00-19:00","60","300",日曜・休日を除く,"１月１日〜３日を除く",パーキング・メーター,1,0,0,0
40,"09:00-19:00","60","300",日曜・休日を除く,"１月１日〜３日を除く",パーキング・メーター,1,0,0,0
41,"09:00-21:00","60","300",,"１月１日〜３日を除く",パーキング・メーター,1,1,0,0
42,"09:00-19:00","60","300",日曜・休日を除く,"１月１日〜３日を除く",パーキング・メーター,1,1,0,0
43,"09:00-21:00","60","300",,"１月１日〜３日を除く",パーキング・メーター,1,1,0,0
44,"09:00-19:00","60","300",日曜・休日を除く,"１月１日〜３日を除く",パーキング・メーター,1,1,0,0
45,"09:00-19:00","60","300",日曜・休日を除く,"１月１日〜３日を除く",パーキング・メーター,1,0,0,0
56,"09:00-19:00","60","300",日曜・休日を除く,"１月１日〜３日を除く",パーキング・メーター,1,0,0,0
57,"09:00-19:00","60","300",日曜・休日を除く,"１月１日〜３日を除く",パーキング・メーター,1,0,0,0
60,"09:00-19:00","60","300",日曜・休日を除く,"１月１日〜３日を除く",パーキング・メーター,1,0,0,0
64,"08:00-20:00","60","300",,"１月１日〜３日を除く",パーキング・メーター,1,0,0,0
66,"08:00-20:00","60","300",,"１月１日〜３日を除く",パーキング・メーター,1,0,0,0
67,"08:00-20:00","60","300",,"１月１日〜３日を除く",パーキング・メーター,1,1,0,0
68,"08:00-20:00","60","300",,"１月１日〜３日を除く",パーキング・メーター,1,0,0,0
69,"08:00-20:00","60","300",,"１月１日〜３日を除く",パーキング・メーター,1,1,0,0
70,"08:00-20:00","60","300",日曜・休日を除く,"１月１日〜３日を除く",パーキング・メーター,1,1,0,0
71,"08:00-20:00","60","300",,"１月１日〜３日を除く",パーキング・メーター,1,0,0,0
72,"08:00-20:00","60","300",,"１月１日〜３日を除く",パーキング・メーター,1,1,0,0
74,"08:00-20:00","60","300",,"１月１日〜３日を除く",パーキング・メーター,1,0,0,0
75,"08:00-20:00","60","300",日曜・休日を除く,"１月１日〜３日を除く",パーキング・メーター,1,0,0,0
76,"08:00-20:00","60","300",,"１月１日〜３日を除く",パーキング・メーター,1,1,0,0
77,"08:00-20:00","60","300",,"１月１日〜３日を除く",パーキング・メーター,1,0,0,0
78,"08:00-20:00","60","300",,"１月１日〜３日を除く",パーキング・メーター,1,1,0,0
80,"07:00-20:00","60","300",,"１月１日〜３日を除く",パーキング・メーター,1,1,0,0
82,"07:00-20:00","60","300",,"１月１日〜３日を除く",パーキング・チケット,1,0,0,0
83,"07:00-20:00","60","300",,"１月１日〜３日を除く",パーキング・チケット,1,1,0,0
84,"07:00-20:00","60","300",,"１月１日〜３日を除く",パーキング・メーター,1,0,0,0
85,"07:00-20:00","60","300",,"１月１日〜３日を除く",パーキング・メーター,1,0,0,0
86,"07:00-20:00","60","300",,"１月１日〜３日を除く",パーキング・メーター,1,0,0,0
87,"07:00-20:00","60","300",,"１月１日〜３日を除く",パーキング・メーター,1,1,0,0
88,"07:00-20:00","60","300",,"１月１日〜３日を除く",パーキング・メーター,1,0,0,0
91,"09:00-20:00","60","300",,"１月１日〜３日を除く",パーキング・メーター,1,0,0,0
92,"07:00-20:00","60","300",,"１月１日〜３日を除く",パーキング・メーター,1,0,0,0
93,"09:00-20:00","60","300",日曜・休日を除く,"１月１日〜３日を除く",パーキング・メーター,1,0,0,0
94,"09:00-20:00","60","300",日曜・休日を除く,"１月１日〜３日を除く",パーキング・メーター,1,0,0,0
95,"09:00-20:00","60","300",日曜・休日を除く,"１月１日〜３日を除く",パーキング・メーター,1,0,0,0
96,"07:00-20:00","60","300",,"１月１日〜３日を除く",パーキング・メーター,1,0,0,0
97,"07:00-20:00","60","300",,"１月１日〜３日を除く",パーキング・メーター,1,0,0,0
98,"07:00-20:00","60","300",,"１月１日〜３日を除く",パーキング・メーター,1,0,0,0
99,"09:00-19:00","60","300",日曜・休日を除く,"１月１日〜３日を除く",パーキング・メーター,1,1,0,0
100,"09:00-19:00","60","300",日曜・休日を除く,"１月１日〜３日を除く",パーキング・メーター,1,1,0,0
101,"09:00-19:00","60","300",日曜・休日を除く,"１月１日〜３日を除く",パーキング・メーター,1,1,0,0
103,"09:00-19:00","60","300",日曜・休日を除く,"１月１日〜３日を除く",パーキング・メーター,1,1,0,0
104,"09:00-19:00","60","300",日曜・休日を除く,"１月１日〜３日を除く",パーキング・メーター,1,0,0,0
105,"09:00-19:00","60","300",日曜・休日を除く,"１月１日〜３日を除く",パーキング・メーター,1,0,0,0
106,"09:00-19:00","60","300",日曜・休日を除く,"１月１日〜３日を除く",パーキング・メーター,1,0,0,0
107,"09:00-19:00","60","300",日曜・休日を除く,"１月１日〜３日を除く",パーキング・メーター,1,0,0,0
108,"09:00-19:00","60","300",日曜・休日を除く,"１月１日〜３日を除く",パーキング・メーター,1,1,0,0
109,"09:00-19:00","60","300",日曜・休日を除く,"１月１日〜３日を除く",パーキング・メーター,1,0,0,0
110,"09:00-19:00","60","300",日曜・休日を除く,"１月１日〜３日を除く",パーキング・メーター,1,0,0,0
112,"09:00-19:00","60","300",日曜・休日を除く,"１月１日〜３日を除く",パーキング・メーター,1,1,0,0
115,"09:00-19:00","60","300",日曜・休日を除く,"１月１日〜３日を除く",パーキング・メーター,1,1,0,0
117,"09:00-19:00","60","300",日曜・休日を除く,"１月１日〜３日を除く",パーキング・メーター,1,1,0,0
118,"08:00-20:00","60","300",,"１月１日〜３日を除く",パーキング・メーター,1,0,0,0
119,"08:00-20:00","60","300",,"１月１日〜３日を除く",パーキング・メーター,1,0,0,0
122,"08:00-20:00","60","300",,"１月１日〜３日を除く",パーキング・メーター,1,1,0,0
124,"08:00-20:00","60","300",,"１月１日〜３日を除く",パーキング・メーター,1,1,0,0
125,"08:00-20:00","60","300",,"１月１日〜３日を除く",パーキング・メーター,1,0,0,0
126,"08:00-20:00","60","300",,"１月１日〜３日を除く",パーキング・メーター,1,0,0,0
127,"08:00-20:00","60","300",,"１月１日〜３日を除く",パーキング・メーター,1,1,0,0
128,"08:00-20:00","60","300",,"１月１日〜３日を除く",パーキング・メーター,1,1,0,0
129,"08:00-20:00","60","300",,"１月１日〜３日を除く",パーキング・メーター,1,1,0,0
130,"08:00-20:00","60","300",,"１月１日〜３日を除く",パーキング・メーター,1,1,0,0
131,"09:00-19:00","60","300",日曜・休日を除く,"１月１日〜３日を除く",パーキング・メーター,1,0,0,0
132,"09:00-19:00","60","300",日曜・休日を除く,"１月１日〜３日を除く",パーキング・メーター,1,1,0,0
133,"09:00-19:00","60","300",日曜・休日を除く,"１月１日〜３日を除く",パーキング・メーター,1,0,0,0
134,"08:00-20:00","60","300",,"１月１日〜３日を除く",パーキング・メーター,1,1,0,0
135,"08:00-20:00","60","300",,"１月１日〜３日を除く",パーキング・メーター,1,0,0,0
136,"08:00-20:00","60","300",,"１月１日〜３日を除く",パーキング・メーター,1,0,0,0
137,"08:00-20:00","60","300",日曜・休日を除く,"１月１日〜３日を除く",パーキング・メーター,1,0,0,0
138,"08:00-20:00","60","300",,"１月１日〜３日を除く",パーキング・メーター,1,1,0,0
139,"08:00-20:00","60","300",日曜・休日を除く,"１月１日〜３日を除く",パーキング・メーター,1,1,0,0
140,"08:00-20:00","60","300",,"１月１日〜３日を除く",パーキング・メーター,1,0,0,0
141,"08:00-20:00","60","300",,"１月１日〜３日を除く",パーキング・メーター,1,1,0,0
142,"08:00-20:00","60","300",,"１月１日〜３日を除く",パーキング・メーター,1,0,0,0
143,"08:00-20:00","60","300",,"１月１日〜３日を除く",パーキング・メーター,1,0,0,0
144,"08:00-20:00","60","300",日曜・休日を除く,"１月１日〜３日を除く",パーキング・メーター,1,0,0,0
145,"08:00-20:00","60","300",,"１月１日〜３日を除く",パーキング・メーター,1,0,0,0
146,"08:00-20:00","60","300",,"１月１日〜３日を除く",パーキング・メーター,1,1,0,0
148,"08:00-20:00","60","300",,"１月１日〜３日を除く",パーキング・メーター,1,0,0,0
149,"08:00-20:00","60","300",,"１月１日〜３日を除く",パーキング・メーター,1,0,0,0
150,"08:00-20:00","60","300",,"１月１日〜３日を除く",パーキング・メーター,1,1,0,0
151,"08:00-20:00","60","300",,"１月１日〜３日を除く",パーキング・メーター,1,1,0,0
153,"08:00-20:00","60","300",,"１月１日〜３日を除く",パーキング・メーター,1,0,0,0
154,"08:00-20:00","60","300",日曜・休日を除く,"１月１日〜３日を除く",パーキング・メーター,1,0,0,0
155,"08:00-20:00","60","300",日曜・休日を除く,"１月１日〜３日を除く",パーキング・メーター,1,0,0,0
156,"08:00-20:00","60","300",日曜・休日を除く,"１月１日〜３日を除く",パーキング・メーター,1,0,0,0
157,"09:00-19:00","60","300",,"１月１日〜３日を除く",パーキング・メーター,1,0,0,0
158,"09:00-19:00","60","300",,"１月１日〜３日を除く",パーキング・メーター,1,0,0,0
159,"09:00-19:00","60","300",,"１月１日〜３日を除く",パーキング・メーター,1,0,0,0
160,"09:00-19:00","60","300",,"１月１日〜３日を除く",パーキング・メーター,1,0,0,0
164,"07:00-20:00","60","300",,"１月１日〜３日を除く",パーキング・メーター,1,0,0,0
166,"07:00-20:00","60","300",,"１月１日〜３日を除く",パーキング・メーター,1,0,0,0
170,"07:00-20:00","60","300",,"１月１日〜３日を除く",パーキング・メーター,1,0,0,0
171,"07:00-20:00","60","300",,"１月１日〜３日を除く",パーキング・メーター,1,0,0,0
172,"07:00-20:00","60","300",,"１月１日〜３日を除く",パーキング・メーター,1,0,0,0
173,"07:00-20:00","60","300",,"１月１日〜３日を除く",パーキング・メーター,1,0,0,0
174,"07:00-20:00","60","300",,"１月１日〜３日を除く",パーキング・メーター,1,0,0,0
175,"07:00-20:00","60","300",,"１月１日〜３日を除く",パーキング・メーター,1,0,0,0
176,"07:00-20:00","60","300",,"１月１日〜３日を除く",パーキング・メーター,1,0,0,0
177,"09:00-17:30","60","300",日曜・休日を除く,"１月１日〜３日を除く",パーキング・メーター,1,0,0,0
178,"07:00-20:00","60","300",,"１月１日〜３日を除く",パーキング・メーター,1,0,0,0
179,"07:00-20:00","60","300",,"１月１日〜３日を除く",パーキング・メーター,1,1,0,0
180,"07:00-20:00","60","300",,"１月１日〜３日を除く",パーキング・メーター,1,0,0,0
181,"09:00-21:00","60","300",,"１月１日〜３日を除く",パーキング・メーター,1,1,0,0
182,"09:00-21:00","60","300",,"１月１日〜３日を除く",パーキング・メーター,1,1,0,0
183,"09:00-21:00","60","300",,"１月１日〜３日を除く",パーキング・メーター,1,1,0,0
184,"09:00-21:00","60","300",,"１月１日〜３日を除く",パーキング・メーター,1,1,0,0
185,"09:00-21:00","60","300",,"１月１日〜３日を除く",パーキング・メーター,1,1,0,0
186,"09:00-19:00","60","300",日曜・休日を除く,"１月１日〜３日を除く",パーキング・メーター,1,1,0,0
187,"09:00-19:00","60","300",日曜・休日を除く,"１月１日〜３日を除く",パーキング・メーター,1,1,0,0
189,"09:00-19:00","60","300",日曜・休日を除く,"１月１日〜３日を除く",パーキング・メーター,1,1,0,0
190,"09:00-19:00","60","300",日曜・休日を除く,"１月１日〜３日を除く",パーキング・メーター,1,0,0,0
192,"09:00-19:00","60","300",日曜・休日を除く,"１月１日〜３日を除く",パーキング・メーター,1,0,0,0
193,"09:00-19:00","60","300",日曜・休日を除く,"１月１日〜３日を除く",パーキング・メーター,1,0,0,0
194,"09:00-19:00","60","300",日曜・休日を除く,"１月１日〜３日を除く",パーキング・メーター,1,0,0,0
195,"09:00-19:00","60","300",日曜・休日を除く,"１月１日〜３日を除く",パーキング・メーター,1,0,0,0
196,"09:00-19:00","60","300",日曜・休日を除く,"１月１日〜３日を除く",パーキング・メーター,1,0,0,0
197,"09:00-19:00","60","300",日曜・休日を除く,"１月１日〜３日を除く",パーキング・メーター,1,0,0,0
199,"09:00-19:00","60","300",日曜・休日を除く,"１月１日〜３日を除く",パーキング・メーター,1,0,0,0
200,"09:00-19:00","60","300",日曜・休日を除く,"１月１日〜３日を除く",パーキング・メーター,1,0,0,0
201,"09:00-19:00","60","300",日曜・休日を除く,"１月１日〜３日を除く",パーキング・メーター,1,0,0,0
202,"09:00-19:00","60","300",日曜・休日を除く,"１月１日〜３日を除く",パーキング・メーター,1,0,0,0
203,"09:00-19:00","60","300",日曜・休日を除く,"１月１日〜３日を除く",パーキング・メーター,1,1,0,0
204,"09:00-19:00","60","300",日曜・休日を除く,"１月１日〜３日を除く",パーキング・メーター,1,0,0,0
205,"09:00-19:00","60","300",日曜・休日を除く,"１月１日〜３日を除く",パーキング・メーター,1,0,0,0
207,"09:00-19:00","60","300",日曜・休日を除く,"１月１日〜３日を除く",パーキング・メーター,1,0,0,0
208,"09:00-19:00","60","300",日曜・休日を除く,"１月１日〜３日を除く",パーキング・メーター,1,1,0,0
209,"09:00-19:00","60","300",日曜・休日を除く,"１月１日〜３日を除く",パーキング・メーター,1,0,0,0
210,"09:00-19:00","60","300",日曜・休日を除く,"１月１日〜３日を除く",パーキング・メーター,1,0,0,0
211,"09:00-19:00","60","300",日曜・休日を除く,"１月１日〜３日を除く",パーキング・メーター,1,0,0,0
212,"09:00-19:00","60","300",日曜・休日を除く,"１月１日〜３日を除く",パーキング・メーター,1,0,0,0
213,"09:00-19:00","60","300",日曜・休日を除く,"１月１日〜３日を除く",パーキング・メーター,1,1,0,0
214,"09:00-19:00","60","300",日曜・休日を除く,"１月１日〜３日を除く",パーキング・メーター,1,0,0,0
215,"09:00-19:00","60","300",日曜・休日を除く,"１月１日〜３日を除く",パーキング・メーター,1,0,0,0
216,"09:00-19:00","60","300",日曜・休日を除く,"１月１日〜３日を除く",パーキング・メーター,1,0,0,0
217,"09:00-19:00","60","300",日曜・休日を除く,"１月１日〜３日を除く",パーキング・メーター,1,0,0,0
218,"09:00-19:00","60","300",日曜・休日を除く,"１月１日〜３日を除く",パーキング・メーター,1,0,0,0
220,"09:00-19:00","60","300",日曜・休日を除く,"１月１日〜３日を除く",パーキング・メーター,1,1,0,0
221,"09:00-19:00","60","300",日曜・休日を除く,"１月１日〜３日を除く",パーキング・メーター,1,1,0,0
223,"09:00-19:00","60","300",日曜・休日を除く,"１月１日〜３日を除く",パーキング・メーター,1,0,0,0
224,"09:00-19:00","60","300",日曜・休日を除く,"１月１日〜３日を除く",パーキング・メーター,1,0,0,0
225,"09:00-19:00","60","300",日曜・休日を除く,"１月１日〜３日を除く",パーキング・メーター,1,0,0,0
226,"09:00-19:00","60","300",日曜・休日を除く,"１月１日〜３日を除く",パーキング・メーター,1,0,0,0
227,"09:00-19:00","60","300",日曜・休日を除く,"１月１日〜３日を除く",パーキング・メーター,1,0,0,0
228,"09:00-19:00","60","300",日曜・休日を除く,"１月１日〜３日を除く",パーキング・メーター,1,0,0,0
229,"09:00-19:00","60","300",日曜・休日を除く,"１月１日〜３日を除く",パーキング・メーター,1,0,0,0
230,"09:00-19:00","60","300",日曜・休日を除く,"１月１日〜３日を除く",パーキング・メーター,1,0,0,0
232,"09:00-19:00","60","300",日曜・休日を除く,"１月１日〜３日を除く",パーキング・メーター,1,0,0,0
233,"09:00-19:00","60","300",日曜・休日を除く,"１月１日〜３日を除く",パーキング・メーター,1,0,0,0
234,"09:00-19:00","60","300",日曜・休日を除く,"１月１日〜３日を除く",パーキング・メーター,1,0,0,0
235,"09:00-19:00","60","300",日曜・休日を除く,"１月１日〜３日を除く",パーキング・メーター,1,0,0,0
236,"09:00-19:00","60","300",日曜・休日を除く,"１月１日〜３日を除く",パーキング・メーター,1,0,0,0
237,"09:00-19:00","60","300",日曜・休日を除く,"１月１日〜３日を除く",パーキング・メーター,1,0,0,0
238,"09:00-19:00","60","300",日曜・休日を除く,"１月１日〜３日を除く",パーキング・メーター,1,0,0,0
241,"09:00-19:00","60","300",,"１月１日〜３日を除く",パーキング・メーター,1,0,0,0
242,"09:00-19:00","60","300",,"１月１日〜３日を除く",パーキング・メーター,1,0,0,0
243,"09:00-19:00","60","300",,"１月１日〜３日を除く",パーキング・メーター,1,1,0,0
245,"09:00-19:00","60","300",,"１月１日〜３日を除く",パーキング・メーター,1,1,0,0
246,"09:00-19:00","60","300",,"１月１日〜３日を除く",パーキング・メーター,1,0,0,0
247,"09:00-19:00","60","300",日曜・休日を除く,"１月１日〜３日を除く",パーキング・メーター,1,0,0,0
248,"09:00-19:00","60","300",日曜・休日を除く,"１月１日〜３日を除く",パーキング・メーター,1,0,0,0
249,"09:00-19:00","60","300",日曜・休日を除く,"１月１日〜３日を除く",パーキング・メーター,1,0,0,0
250,"09:00-19:00","60","300",日曜・休日を除く,"１月１日〜３日を除く",パーキング・メーター,1,0,0,0
252,"09:00-19:00","60","300",日曜・休日を除く,"１月１日〜３日を除く",パーキング・メーター,1,0,0,0
253,"09:00-19:00","60","300",日曜・休日を除く,"１月１日〜３日を除く",パーキング・メーター,1,0,0,0
254,"09:00-19:00","60","300",日曜・休日を除く,"１月１日〜３日を除く",パーキング・メーター,1,0,0,0
256,"09:00-19:00","60","300",日曜・休日を除く,"１月１日〜３日を除く",パーキング・チケット,1,0,0,0
257,"09:00-19:00","60","300",日曜・休日を除く,"１月１日〜３日を除く",パーキング・チケット,1,1,0,0
262,"09:00-19:00","60","300",日曜・休日を除く,"１月１日〜３日を除く",パーキング・メーター,1,0,0,0
264,"09:00-19:00","60","300",日曜・休日を除く,"１月１日〜３日を除く",パーキング・メーター,1,1,0,0
266,"09:00-19:00","60","300",日曜・休日を除く,"１月１日〜３日を除く",パーキング・メーター,1,0,0,0
268,"09:00-19:00","60","300",日曜・休日を除く,"１月１日〜３日を除く",パーキング・メーター,1,0,0,0
270,"09:00-19:00","60","300",日曜・休日を除く,"１月１日〜３日を除く",パーキング・メーター,1,0,0,0
272,"09:00-19:00","60","300",日曜・休日を除く,"１月１日〜３日を除く",パーキング・メーター,1,0,0,0
273,"09:00-19:00","60","300",日曜・休日を除く,"１月１日〜３日を除く",パーキング・メーター,1,0,0,0
274,"09:00-19:00","60","300",日曜・休日を除く,"１月１日〜３日を除く",パーキング・メーター,1,0,0,0
277,"09:00-19:00","60","300",日曜・休日を除く,"１月１日〜３日を除く",パーキング・メーター,1,0,0,0
279,"09:00-19:00","60","300",,"１月１日〜３日を除く",パーキング・メーター,1,0,0,0
280,"09:00-19:00","60","300",,"１月１日〜３日を除く",パーキング・メーター,1,1,0,0
281,"09:00-19:00","60","300",,"１月１日〜３日を除く",パーキング・メーター,1,1,0,0
282,"09:00-19:00","60","300",日曜・休日を除く,"１月１日〜３日を除く",パーキング・メーター,1,0,0,0
283,"09:00-19:00","60","300",日曜・休日を除く,"１月１日〜３日を除く",パーキング・メーター,1,0,0,0
286,"09:00-19:00","60","300",,"１月１日〜３日を除く",パーキング・メーター,1,1,0,0
288,"09:00-19:00","60","300",,"１月１日〜３日を除く",パーキング・メーター,1,0,0,0
291,"10:00-19:00","60","300",日曜・休日を除く,"１月１日〜３日を除く",パーキング・メーター,1,0,0,0
293,"10:00-16:30","60","300",日曜・休日を除く,"１月１日〜３日を除く",パーキング・メーター,1,0,0,0
294,"10:00-16:30","60","300",日曜・休日を除く,"１月１日〜３日を除く",パーキング・メーター,1,0,0,0
295,"10:00-16:30","60","300",日曜・休日を除く,"１月１日〜３日を除く",パーキング・メーター,1,0,0,0
297,"10:00-19:00","60","300",日曜・休日を除く,"１月１日〜３日を除く",パーキング・メーター,1,0,0,0
298,"09:00-19:00","60","300",日曜・休日を除く,"１月１日〜３日を除く",パーキング・メーター,1,1,0,0
302,"09:00-19:00","60","300",日曜・休日を除く,"１月１日〜３日を除く",パーキング・メーター,1,0,0,0
303,"09:00-19:00","60","300",日曜・休日を除く,"１月１日〜３日を除く",パーキング・メーター,1,0,0,0
304,"09:00-19:00","60","300",日曜・休日を除く,"１月１日〜３日を除く",パーキング・メーター,1,0,0,0
306,"09:00-19:00","60","300",日曜・休日を除く,"１月１日〜３日を除く",パーキング・メーター,1,1,0,0
307,"09:00-19:00","60","300",日曜・休日を除く,"１月１日〜３日を除く",パーキング・メーター,1,0,0,0
309,"09:00-19:00","60","300",日曜・休日を除く,"１月１日〜３日を除く",パーキング・メーター,1,1,0,0
310,"08:00-20:00","60","300",,"１月１日〜３日を除く",パーキング・メーター,1,1,0,0
313,"09:00-19:00","60","300",,"１月１日〜３日を除く",パーキング・メーター,1,1,0,0
314,"09:00-19:00","60","300",日曜・休日を除く,"１月１日〜３日を除く",パーキング・メーター,1,1,0,0
315,"09:00-21:00","60","300",,"１月１日〜３日を除く",パーキング・メーター,1,0,0,0
316,"09:00-21:00","60","300",,"１月１日〜３日を除く",パーキング・メーター,1,1,0,0
317,"09:00-21:00","60","300",,"１月１日〜３日を除く",パーキング・メーター,1,1,0,0
318,"09:00-21:00","60","300",,"１月１日〜３日を除く",パーキング・メーター,1,1,0,0
320,"09:00-19:00","60","300",日曜・休日を除く,"１月１日〜３日を除く",パーキング・メーター,1,1,0,0
321,"09:00-19:00","60","300",日曜・休日を除く,"１月１日〜３日を除く",パーキング・メーター,1,1,0,0
322,"07:00-16:00","40","200",日曜・休日を除く,"１月１日〜３日を除く",パーキング・メーター,1,1,0,0
323,"07:00-20:00","40","200",,"１月１日〜３日を除く",パーキング・メーター,1,1,0,0
324,"09:00-20:00","60","300",日曜・休日を除く,"１月１日〜３日を除く",パーキング・メーター,1,1,0,0
325,"09:00-19:00","60","300",日曜・休日を除く,"１月１日〜３日を除く",パーキング・メーター,1,0,0,0
326,"09:00-19:00","60","300",日曜・休日を除く,"１月１日〜３日を除く",パーキング・メーター,1,1,0,0
328,"09:00-19:00","60","300",日曜・休日を除く,"１月１日〜３日を除く",パーキング・メーター,1,0,0,0
329,"09:00-19:00","60","300",日曜・休日を除く,"１月１日〜３日を除く",パーキング・メーター,1,0,0,1
330,"09:00-19:00","60","300",日曜・休日を除く,"１月１日〜３日を除く",パーキング・メーター,1,0,0,0
333,"09:00-19:00","60","300",日曜・休日を除く,"１月１日〜３日を除く",パーキング・メーター,1,0,0,0
334,"09:00-19:00","60","300",日曜・休日を除く,"１月１日〜３日を除く",パーキング・メーター,1,0,0,0
335,"09:00-19:00","60","300",日曜・休日を除く,"１月１日〜３日を除く",パーキング・メーター,1,0,0,0
336,"09:00-19:00","60","300",日曜・休日を除く,"１月１日〜３日を除く",パーキング・メーター,1,1,0,0
337,"09:00-19:00","60","300",日曜・休日を除く,"１月１日〜３日を除く",パーキング・メーター,1,0,0,0
338,"09:00-19:00","60","300",日曜・休日を除く,"１月１日〜３日を除く",パーキング・メーター,1,0,0,0
341,"09:00-19:00","60","300",,"１月１日〜３日を除く",パーキング・メーター,1,1,0,0
342,"08:00-20:00","60","300",,"１月１日〜３日を除く",パーキング・メーター,1,1,0,0
344,"08:00-20:00","60","300",,"１月１日〜３日を除く",パーキング・メーター,1,0,0,0
345,"09:00-19:00","60","300",,"１月１日〜３日を除く",パーキング・メーター,1,0,0,0
346,"09:00-19:00","60","300",,"１月１日〜３日を除く",パーキング・メーター,1,0,0,0
347,"09:00-19:00","60","300",,"１月１日〜３日を除く",パーキング・メーター,1,0,0,0
348,"09:00-19:00","60","300",,"１月１日〜３日を除く",パーキング・メーター,1,0,0,0
350,"09:00-19:00","60","300",日曜・休日を除く,"１月１日〜３日を除く",パーキング・メーター,1,0,0,0
352,"09:00-19:00","60","300",日曜・休日を除く,"１月１日〜３日を除く",パーキング・メーター,1,1,0,0
355,"09:00-19:00","60","300",日曜・休日を除く,"１月１日〜３日を除く",パーキング・メーター,1,1,0,0
357,"09:00-19:00","60","300",日曜・休日を除く,"１月１日〜３日を除く",パーキング・メーター,1,0,0,0
359,"09:00-19:00","60","300",,"１月１日〜３日を除く",パーキング・メーター,1,1,0,0
361,"09:00-19:00","60","300",日曜・休日を除く,"１月１日〜３日を除く",パーキング・メーター,1,1,0,0
364,"09:00-19:00","60","300",日曜・休日を除く,"１月１日〜３日を除く",パーキング・メーター,1,1,0,0
365,"09:00-19:00","60","300",日曜・休日を除く,"１月１日〜３日を除く",パーキング・メーター,1,1,0,0
367,"09:00-19:00","60","300",日曜・休日を除く,"１月１日〜３日を除く",パーキング・メーター,1,0,0,0
368,"09:00-19:00","60","300",日曜・休日を除く,"１月１日〜３日を除く",パーキング・メーター,1,1,0,0
369,"09:00-19:00","60","300",日曜・休日を除く,"１月１日〜３日を除く",パーキング・メーター,1,1,0,0
371,"09:00-19:00","60","300",日曜・休日を除く,"１月１日〜３日を除く",パーキング・メーター,1,1,0,0
372,"09:00-19:00","60","300",日曜・休日を除く,"１月１日〜３日を除く",パーキング・メーター,1,0,0,0
373,"07:00-20:00","60","300",,"１月１日〜３日を除く",パーキング・メーター,1,1,0,0
375,"09:00-19:00","60","300",日曜・休日を除く,"１月１日〜３日を除く",パーキング・メーター,1,0,0,0
376,"09:00-19:00","60","300",日曜・休日を除く,"１月１日〜３日を除く",パーキング・メーター,1,1,0,0
378,"09:00-19:00","60","300",日曜・休日を除く,"１月１日〜３日を除く",パーキング・メーター,1,1,0,0
379,"09:00-19:00","60","300",日曜・休日を除く,"１月１日〜３日を除く",パーキング・メーター,1,1,0,0
380,"08:00-20:00","60","300",日曜・休日を除く,"１月１日〜３日を除く",パーキング・メーター,1,1,0,0
381,"08:00-20:00","60","300",日曜・休日を除く,"１月１日〜３日を除く",パーキング・メーター,1,0,0,0
382,"08:00-20:00","60","300",,"１月１日〜３日を除く",パーキング・メーター,1,1,0,0
383,"09:00-19:00","60","300",日曜・休日を除く,"１月１日〜３日を除く",パーキング・メーター,1,1,0,0
384,"09:00-19:00","60","300",日曜・休日を除く,"１月１日〜３日を除く",パーキング・メーター,1,1,0,0
385,"09:00-21:00","60","300",,"１月１日〜３日を除く",パーキング・メーター,1,1,0,0
386,"09:00-19:00","60","300",日曜・休日を除く,"１月１日〜３日を除く",パーキング・メーター,1,1,0,0
387,"09:00-19:00","60","300",日曜・休日を除く,"１月１日〜３日を除く",パーキング・メーター,1,0,0,0
388,"09:00-19:00","60","300",日曜・休日を除く,"１月１日〜３日を除く",パーキング・メーター,1,1,0,0
389,"09:00-19:00","60","300",日曜・休日を除く,"１月１日〜３日を除く",パーキング・メーター,1,1,0,0
391,"09:00-19:00","60","300",日曜・休日を除く,"１月１日〜３日を除く",パーキング・メーター,1,0,0,0
392,"07:00-20:00","60","300",,"１月１日〜３日を除く",パーキング・メーター,1,0,0,0
394,"09:00-19:00","60","300",,"１月１日〜３日を除く",パーキング・メーター,1,1,0,0
398,"09:00-19:00","60","300",日曜・休日を除く,"１月１日〜３日を除く",パーキング・メーター,1,1,0,0
400,"09:00-19:00","60","300",日曜・休日を除く,"１月１日〜３日を除く",パーキング・チケット,1,1,0,0
401,"09:00-19:00","60","300",日曜・休日を除く,"１月１日〜３日を除く",パーキング・メーター,1,1,0,0
403,"09:00-19:00","60","300",日曜・休日を除く,"１月１日〜３日を除く",パーキング・メーター,1,0,0,0
406,"09:00-19:00","60","300",,"１月１日〜３日を除く",パーキング・メーター,1,1,0,0
407,"09:00-19:00","60","300",日曜・休日を除く,"１月１日〜３日を除く",パーキング・メーター,1,0,0,0
410,"09:00-19:00","60","300",日曜・休日を除く,"１月１日〜３日を除く",パーキング・メーター,1,0,0,0
411,"09:00-19:00","60","300",日曜・休日を除く,"１月１日〜３日を除く",パーキング・メーター,1,0,0,0
413,"07:00-20:00","60","300",,"１月１日〜３日を除く",パーキング・メーター,1,1,0,0
414,"07:00-20:00","60","300",,"１月１日〜３日を除く",パーキング・メーター,1,1,0,0
415,"09:00-19:00","60","300",日曜・休日を除く,"１月１日〜３日を除く",パーキング・メーター,1,0,0,0
417,"08:00-20:00","60","300",,"１月１日〜３日を除く",パーキング・メーター,1,0,0,0
418,"09:00-21:00","60","300",,"１月１日〜３日を除く",パーキング・メーター,1,1,0,0
419,"09:00-19:00","60","300",日曜・休日を除く,"１月１日〜３日を除く",パーキング・メーター,1,0,0,0
420,"08:00-20:00","60","300",,"１月１日〜３日を除く",パーキング・メーター,1,0,0,0
421,"09:00-21:00","60","300",,"１月１日〜３日を除く",パーキング・メーター,1,1,0,0
422,"09:00-20:00","60","300",,"１月１日〜３日を除く",パーキング・メーター,1,1,0,0
424,"09:00-20:00","60","300",,"１月１日〜３日を除く",パーキング・メーター,1,1,0,0
425,"09:00-19:00","60","300",,"１月１日〜３日を除く",パーキング・メーター,1,1,0,0
426,"09:00-19:00","60","300",日曜・休日を除く,"１月１日〜３日を除く",パーキング・メーター,1,1,0,0
427,"09:00-19:00","60","300",日曜・休日を除く,"１月１日〜３日を除く",パーキング・メーター,1,0,0,0
428,"09:00-19:00","60","300",日曜・休日を除く,"１月１日〜３日を除く",パーキング・メーター,1,1,0,0
429,"09:00-19:00","60","300",日曜・休日を除く,"１月１日〜３日を除く",パーキング・メーター,1,0,0,0
430,"09:00-19:00","60","300",日曜・休日を除く,"１月１日〜３日を除く",パーキング・メーター,1,0,0,0
431,"07:00-20:00","60","300",,"１月１日〜３日を除く",パーキング・メーター,1,0,0,0
434,"09:00-20:00","60","300",,"１月１日〜３日を除く",パーキング・メーター,1,0,0,0
435,"09:00-19:00","60","300",日曜・休日を除く,"１月１日〜３日を除く",パーキング・メーター,1,1,0,0
439,"09:00-19:00","60","300",日曜・休日を除く,"１月１日〜３日を除く",パーキング・メーター,1,1,0,0
441,"09:00-19:00","60","300",日曜・休日を除く,"１月１日〜３日を除く",パーキング・チケット,1,1,0,0
443,"09:00-19:00","60","300",日曜・休日を除く,"１月１日〜３日を除く",パーキング・メーター,1,1,0,0
445,"09:00-20:00","60","300",,"１月１日〜３日を除く",パーキング・メーター,1,1,0,1
446,"09:00-20:00","60","300",,"１月１日〜３日を除く",パーキング・メーター,1,1,0,0
447,"09:00-19:00","60","300",日曜・休日を除く,"１月１日〜３日を除く",パーキング・メーター,1,0,0,0
448,"09:00-19:00","60","300",,"１月１日〜３日を除く",パーキング・チケット,1,1,0,0
450,"09:00-19:00","60","300",日曜・休日を除く,"１月１日〜３日を除く",パーキング・メーター,1,0,0,0
453,"07:00-20:00","40","200",,"１月１日〜３日を除く",パーキング・メーター,1,1,0,0
454,"07:00-20:00","40","200",,"１月１日〜３日を除く",パーキング・メーター,1,1,0,0
455,"07:00-20:00","40","200",,"１月１日〜３日を除く",パーキング・メーター,1,1,0,0
456,"09:00-19:00","60","300",日曜・休日を除く,"１月１日〜３日を除く",パーキング・メーター,1,0,0,0
457,"09:00-19:00","60","300",日曜・休日を除く,"１月１日〜３日を除く",パーキング・メーター,1,0,0,0
458,"09:00-19:00","60","300",日曜・休日を除く,"１月１日〜３日を除く",パーキング・メーター,1,1,0,0
460,"09:00-19:00","60","300",日曜・休日を除く,"１月１日〜３日を除く",パーキング・メーター,1,1,0,0
461,"09:00-19:00","60","300",日曜・休日を除く,"１月１日〜３日を除く",パーキング・メーター,1,1,0,0
462,"09:00-19:00","60","300",日曜・休日を除く,"１月１日〜３日を除く",パーキング・メーター,1,1,0,0
464,"07:00-20:00","60","300",,"１月１日〜３日を除く",パーキング・メーター,1,1,0,0
466,"09:00-19:00","60","300",,"１月１日〜３日を除く",パーキング・メーター,1,1,0,0
469,"09:00-20:00","60","300",,"１月１日〜３日を除く",パーキング・メーター,1,1,0,0
472,"09:00-19:00","60","300",,"１月１日〜３日を除く",パーキング・メーター,1,1,0,0
475,"09:00-19:00","60","300",日曜・休日を除く,"１月１日〜３日を除く",パーキング・メーター,1,0,0,0
476,"09:00-19:00","60","300",日曜・休日を除く,"１月１日〜３日を除く",パーキング・メーター,1,0,0,0
477,"09:00-19:00","60","300",日曜・休日を除く,"１月１日〜３日を除く",パーキング・メーター,1,1,0,0
478,"09:00-19:00","60","300",日曜・休日を除く,"１月１日〜３日を除く",パーキング・メーター,1,0,0,0
479,"08:00-20:00","60","300",,"１月１日〜３日を除く",パーキング・メーター,1,0,0,0
480,"09:00-19:00","60","300",日曜・休日を除く,"１月１日〜３日を除く",パーキング・メーター,1,1,0,0
483,"09:00-19:00","60","300",日曜・休日を除く,"１月１日〜３日を除く",パーキング・メーター,1,0,0,0
484,"09:00-19:00","60","300",日曜・休日を除く,"１月１日〜３日を除く",パーキング・メーター,1,0,0,0
485,"09:00-19:00","60","300",日曜・休日を除く,"１月１日〜３日を除く",パーキング・メーター,1,1,0,0
486,"09:00-19:00","60","300",日曜・休日を除く,"１月１日〜３日を除く",パーキング・チケット,1,1,0,0
488,"09:00-21:00","60","300",,"１月１日〜３日を除く",パーキング・メーター,1,1,0,0
489,"10:00-20:00","60","300",日曜・休日を除く,"１月１日〜３日を除く",パーキング・チケット,1,0,0,0
490,"10:00-20:00","60","300",日曜・休日を除く,"１月１日〜３日を除く",パーキング・チケット,1,1,0,0
492,"09:00-19:00","60","300",日曜・休日を除く,"１月１日〜３日を除く",パーキング・メーター,1,1,0,0
494,"09:00-19:00","60","300",日曜・休日を除く,"１月１日〜３日を除く",パーキング・メーター,1,1,0,0
496,"09:00-20:00","60","300",日曜・休日を除く,"１月１日〜３日を除く",パーキング・チケット,1,1,0,0
498,"09:00-19:00","60","300",日曜・休日を除く,"１月１日〜３日を除く",パーキング・チケット,1,1,0,0
500,"07:00-20:00","60","300",,"１月１日〜３日を除く",パーキング・メーター,1,1,0,0
502,"09:00-19:00","60","300",日曜・休日を除く,"１月１日〜３日を除く",パーキング・メーター,1,0,0,0
503,"09:00-19:00","60","300",日曜・休日を除く,"１月１日〜３日を除く",パーキング・メーター,1,1,0,0
505,"09:00-19:00","60","300",,"１月１日〜３日を除く",パーキング・メーター,1,0,0,0
506,"09:00-19:00","60","300",,"１月１日〜３日を除く",パーキング・メーター,1,1,0,0
508,"09:00-19:00","60","300",,"１月１日〜３日を除く",パーキング・メーター,1,1,0,0
510,"09:00-20:00","60","300",,"１月１日〜３日を除く",パーキング・メーター,1,1,0,0
512,"09:00-20:00","60","300",,"１月１日〜３日を除く",パーキング・メーター,1,1,0,0
513,"09:00-19:00","60","300",,"１月１日〜３日を除く",パーキング・チケット,1,0,0,0
515,"09:00-19:00","60","300",,"１月１日〜３日を除く",パーキング・チケット,1,0,0,0
517,"09:00-20:00","20","100",,"１月１日〜３日を除く",パーキング・チケット,1,1,0,0
519,"09:00-19:00","60","300",,"１月１日〜３日を除く",パーキング・チケット,1,0,0,0
521,"09:00-19:00","60","300",,"１月１日〜３日を除く",パーキング・メーター,1,0,0,0
523,"10:00-20:00","60","300",日曜・休日を除く,"１月１日〜３日を除く",パーキング・チケット,1,1,0,0
525,"09:00-20:00","60","300",日曜・休日を除く,"１月１日〜３日を除く",パーキング・チケット,1,1,0,0
527,"07:00-20:00","60","300",,"１月１日〜３日を除く",パーキング・メーター,1,1,0,0
529,"07:00-20:00","60","300",,"１月１日〜３日を除く",パーキング・メーター,1,0,0,0
531,"07:00-20:00","60","300",,"１月１日〜３日を除く",パーキング・メーター,1,0,0,0
533,"09:30-20:00","60","300",,"１月１日〜３日を除く",パーキング・メーター,1,0,0,0
535,"09:30-19:00","60","300",日曜・休日を除く,"１月１日〜３日を除く",パーキング・メーター,1,1,0,0
537,"09:30-19:00","60","300",日曜・休日を除く,"１月１日〜３日を除く",パーキング・メーター,1,1,0,0
539,"09:00-19:00","60","300",日曜・休日を除く,"１月１日〜３日を除く",パーキング・メーター,1,0,0,0
541,"09:00-19:00","60","300",日曜・休日を除く,"１月１日〜３日を除く",パーキング・メーター,1,0,0,0
542,"09:00-19:00","60","300",日曜・休日を除く,"１月１日〜３日を除く",パーキング・メーター,1,0,0,0
544,"09:00-19:00","60","300",日曜・休日を除く,"１月１日〜３日を除く",パーキング・メーター,1,0,0,0
546,"08:00-20:00","60","300",,"１月１日〜３日を除く",パーキング・チケット,1,0,0,0
547,"08:00-20:00","60","300",,"１月１日〜３日を除く",パーキング・メーター,1,0,0,0
548,"08:00-20:00","60","300",,"１月１日〜３日を除く",パーキング・メーター,1,0,0,0
552,"08:00-20:00","60","300",,"１月１日〜３日を除く",パーキング・メーター,1,1,0,0
553,"08:00-20:00","60","300",,"１月１日〜３日を除く",パーキング・メーター,1,1,0,0
555,"09:00-21:00","60","300",,"１月１日〜３日を除く",パーキング・メーター,1,1,0,0
556,"09:00-21:00","60","300",,"１月１日〜３日を除く",パーキング・メーター,1,1,0,0
557,"09:00-19:00","60","300",日曜・休日を除く,"１月１日〜３日を除く",パーキング・メーター,1,1,0,0
559,"09:00-19:00","60","300",日曜・休日を除く,"１月１日〜３日を除く",パーキング・メーター,1,1,0,0
560,"09:00-19:00","60","300",日曜・休日を除く,"１月１日〜３日を除く",パーキング・メーター,1,1,0,0
562,"09:00-19:00","60","300",日曜・休日を除く,"１月１日〜３日を除く",パーキング・チケット,1,0,0,0
564,"09:00-21:00","60","300",,"１月１日〜３日を除く",パーキング・メーター,1,1,0,0
566,"09:00-19:00","60","300",,"１月１日〜３日を除く",パーキング・メーター,1,1,0,0
568,"09:00-19:00","60","300",日曜・休日を除く,"１月１日〜３日を除く",パーキング・メーター,1,1,0,0
569,"09:00-19:00","60","300",日曜・休日を除く,"１月１日〜３日を除く",パーキング・メーター,1,1,0,0
571,"09:00-19:00","60","300",日曜・休日を除く,"１月１日〜３日を除く",パーキング・チケット,1,0,0,0
573,"09:00-19:00","60","300",日曜・休日を除く,"１月１日〜３日を除く",パーキング・チケット,1,1,0,0
575,"09:00-19:00","60","300",日曜・休日を除く,"１月１日〜３日を除く",パーキング・チケット,1,0,0,0
576,"09:00-19:00","60","300",日曜・休日を除く,"１月１日〜３日を除く",パーキング・チケット,1,0,0,0
577,"09:00-19:00","60","300",日曜・休日を除く,"１月１日〜３日を除く",パーキング・メーター,1,0,0,0
579,"08:00-20:00","60","300",,"１月１日〜３日を除く",パーキング・メーター,1,1,0,0
580,"09:30-19:00","60","300",,"１月１日〜３日を除く",パーキング・メーター,1,0,0,0
582,"09:00-19:00","60","300",日曜・休日を除く,"１月１日〜３日を除く",パーキング・チケット,1,0,0,0
584,"09:00-19:00","60","300",日曜・休日を除く,"１月１日〜３日を除く",パーキング・メーター,1,0,0,0
585,"09:00-19:00","60","300",日曜・休日を除く,"１月１日〜３日を除く",パーキング・メーター,1,0,0,0
587,"09:00-19:00","60","300",日曜・休日を除く,"１月１日〜３日を除く",パーキング・チケット,1,0,0,0
589,"09:00-19:00","60","300",日曜・休日を除く,"１月１日〜３日を除く",パーキング・チケット,1,1,0,0
591,"09:00-19:00","60","300",日曜・休日を除く,"１月１日〜３日を除く",パーキング・チケット,1,1,0,0
593,"09:00-19:00","60","300",日曜・休日を除く,"１月１日〜３日を除く",パーキング・チケット,1,1,0,0
595,"09:00-19:00","60","300",日曜・休日を除く,"１月１日〜３日を除く",パーキング・チケット,1,0,0,0
597,"07:00-20:00","60","300",,"１月１日〜３日を除く",パーキング・メーター,1,1,0,0
598,"07:00-20:00","60","300",,"１月１日〜３日を除く",パーキング・メーター,1,1,0,0
599,"09:00-19:00","60","300",日曜・休日を除く,"１月１日〜３日を除く",パーキング・チケット,1,1,0,0
601,"09:00-19:00","60","300",,"１月１日〜３日を除く",パーキング・メーター,1,1,0,0
605,"09:00-19:00","60","300",日曜・休日を除く,"１月１日〜３日を除く",パーキング・チケット,1,1,0,0
606,"09:00-19:00","60","300",日曜・休日を除く,"１月１日〜３日を除く",パーキング・チケット,1,1,0,0
607,"09:00-20:00","60","300",日曜・休日を除く,"１月１日〜３日を除く",パーキング・チケット,1,1,0,0
609,"09:00-19:00","60","300",日曜・休日を除く,"１月１日〜３日を除く",パーキング・チケット,1,0,0,0
611,"09:00-19:00","60","300",日曜・休日を除く,"１月１日〜３日を除く",パーキング・チケット,1,1,0,0
613,"09:00-19:00","60","300",日曜・休日を除く,"１月１日〜３日を除く",パーキング・メーター,1,1,0,0
614,"09:00-19:00","60","300",日曜・休日を除く,"１月１日〜３日を除く",パーキング・メーター,1,1,0,0
616,"09:00-19:00","60","300",日曜・休日を除く,"１月１日〜３日を除く",パーキング・メーター,1,1,0,0
618,"09:00-19:00","60","300",日曜・休日を除く,"１月１日〜３日を除く",パーキング・メーター,1,1,0,0
620,"09:00-19:00","60","300",,"１月１日〜３日を除く",パーキング・メーター,1,1,0,0
621,"09:00-19:00","60","300",日曜・休日を除く,"１月１日〜３日を除く",パーキング・チケット,1,0,0,0
622,"09:00-19:00","60","300",日曜・休日を除く,"１月１日〜３日を除く",パーキング・メーター,1,0,0,0
625,"09:00-19:00","60","300",日曜・休日を除く,"１月１日〜３日を除く",パーキング・チケット,1,1,0,0
627,"09:00-19:00","60","300",日曜・休日を除く,"１月１日〜３日を除く",パーキング・チケット,1,1,0,0
631,"09:00-19:00","60","300",日曜・休日を除く,"１月１日〜３日を除く",パーキング・チケット,1,0,0,0
633,"09:00-19:00","60","300",土・日曜、休日を除く,"１月１日〜３日を除く",パーキング・チケット,1,1,0,0
634,"09:00-19:00","60","300",土・日曜、休日を除く,"１月１日〜３日を除く",パーキング・チケット,1,0,0,0
635,"09:00-19:00","60","300",日曜・休日を除く,"１月１日〜３日を除く",パーキング・チケット,1,1,0,0
637,"09:00-19:00","60","300",日曜・休日を除く,"１月１日〜３日を除く",パーキング・チケット,1,1,0,0
639,"09:00-19:00","60","300",土・日曜、休日を除く,"１月１日〜３日を除く",パーキング・チケット,1,1,0,0
641,"09:00-19:00","60","300",土・日曜、休日を除く,"１月１日〜３日を除く",パーキング・チケット,1,1,0,0
643,"09:00-19:00","60","300",日曜・休日を除く,"１月１日〜３日を除く",パーキング・チケット,1,0,0,0
644,"09:00-19:00","60","300",日曜・休日を除く,"１月１日〜３日を除く",パーキング・チケット,1,1,0,0
645,"09:00-19:00","60","300",日曜・休日を除く,"１月１日〜３日を除く",パーキング・メーター,1,1,0,0
647,"09:00-19:00","60","300",,"１月１日〜３日を除く",パーキング・メーター,1,1,0,0
648,"09:00-19:00","60","300",日曜・休日を除く,"１月１日〜３日を除く",パーキング・チケット,1,0,0,0
650,"09:00-19:00","60","300",日曜・休日を除く,"１月１日〜３日を除く",パーキング・チケット,1,1,0,0
652,"09:00-19:00","60","300",日曜・休日を除く,"１月１日〜３日を除く",パーキング・メーター,1,1,0,0
653,"09:00-19:00","60","300",日曜・休日を除く,"１月１日〜３日を除く",パーキング・メーター,1,0,0,0
654,"09:30-19:00","60","300",日曜・休日を除く,"１月１日〜３日を除く",パーキング・メーター,1,1,0,0
660,"09:00-19:00","60","300",日曜・休日を除く,"１月１日〜３日を除く",パーキング・チケット,1,0,0,0
662,"09:00-19:00","60","300",日曜・休日を除く,"１月１日〜３日を除く",パーキング・チケット,1,0,0,0
664,"09:00-19:00","60","300",,"１月１日〜３日を除く",パーキング・メーター,1,1,0,0
667,"09:00-19:00","60","300",日曜・休日を除く,"１月１日〜３日を除く",パーキング・チケット,1,1,0,0
669,"09:00-19:00","60","300",土・日曜、休日を除く,"１月１日〜３日を除く",パーキング・メーター,1,1,0,0
671,"09:00-19:00","60","300",日曜・休日を除く,"１月１日〜３日を除く",パーキング・メーター,1,0,0,0
672,"09:00-19:00","60","300",,"１月１日〜３日を除く",パーキング・チケット,1,0,0,0
674,"09:00-19:00","60","300",日曜・休日を除く,"１月１日〜３日を除く",パーキング・メーター,1,1,0,0
676,"09:30-19:00","60","300",日曜・休日を除く,"１月１日〜３日を除く",パーキング・メーター,1,1,0,0
678,"09:00-19:00","60","300",日曜・休日を除く,"１月１日〜３日を除く",パーキング・メーター,1,1,0,0
680,"09:00-20:00","60","300",,"１月１日〜３日を除く",パーキング・メーター,1,1,0,0
682,"09:00-20:00","60","300",,"１月１日〜３日を除く",パーキング・メーター,1,1,0,0
684,"09:00-21:00","60","300",,"１月１日〜３日を除く",パーキング・メーター,1,1,0,0
688,"09:00-19:00","60","300",日曜・休日を除く,"１月１日〜３日を除く",パーキング・メーター,1,0,0,0
690,"09:00-19:00","60","300",日曜・休日を除く,"１月１日〜３日を除く",パーキング・チケット,1,0,0,0
692,"09:00-19:00","60","300",日曜・休日を除く,"１月１日〜３日を除く",パーキング・チケット,1,0,0,0
694,"09:00-19:00","60","300",日曜・休日を除く,"１月１日〜３日を除く",パーキング・メーター,1,1,0,0
696,"09:00-19:00","60","300",日曜・休日を除く,"１月１日〜３日を除く",パーキング・メーター,1,1,0,0
698,"09:00-19:00","60","300",日曜・休日を除く,"１月１日〜３日を除く",パーキング・チケット,1,1,0,0
699,"09:00-19:00","60","300",日曜・休日を除く,"１月１日〜３日を除く",パーキング・チケット,1,1,0,0
701,"09:00-20:00","60","300",,"１月１日〜３日を除く",パーキング・メーター,1,1,0,0
704,"09:00-19:00","60","300",日曜・休日を除く,"１月１日〜３日を除く",パーキング・メーター,1,0,0,0
706,"09:00-19:00","60","300",日曜・休日を除く,"１月１日〜３日を除く",パーキング・チケット,1,0,0,0
710,"09:00-19:00","60","300",日曜・休日を除く,"１月１日〜３日を除く",パーキング・チケット,1,1,0,0
713,"09:30-19:00","60","300",日曜・休日を除く,"１月１日〜３日を除く",パーキング・メーター,1,1,0,0
717,"09:00-19:00","60","300",,"１月１日〜３日を除く",パーキング・メーター,1,1,0,0
721,"09:00-19:00","60","300",日曜・休日を除く,"１月１日〜３日を除く",パーキング・メーター,1,1,0,0
723,"09:00-19:00","60","300",日曜・休日を除く,"１月１日〜３日を除く",パーキング・メーター,1,0,0,0
724,"09:00-19:00","60","300",日曜・休日を除く,"１月１日〜３日を除く",パーキング・メーター,1,0,0,0
725,"09:00-19:00","60","300",日曜・休日を除く,"１月１日〜３日を除く",パーキング・メーター,1,0,0,0
727,"09:00-19:00","60","300",,"１月１日〜３日を除く",パーキング・メーター,1,1,0,0
728,"09:00-19:00","60","300",日曜・休日を除く,"１月１日〜３日を除く",パーキング・チケット,1,1,0,0
730,"09:00-19:00","60","300",日曜・休日を除く,"１月１日〜３日を除く",パーキング・チケット,1,1,0,0
732,"09:00-19:00","60","300",日曜・休日を除く,"１月１日〜３日を除く",パーキング・メーター,1,1,0,0
734,"09:00-19:00","60","300",日曜・休日を除く,"１月１日〜３日を除く",パーキング・チケット,1,1,0,0
737,"09:00-19:00","60","300",日曜・休日を除く,"１月１日〜３日を除く",パーキング・メーター,1,0,0,0
739,"09:30-19:00","60","300",日曜・休日を除く,"１月１日〜３日を除く",パーキング・メーター,1,1,0,0
740,"09:30-19:00","60","300",日曜・休日を除く,"１月１日〜３日を除く",パーキング・メーター,1,0,0,0
744,"09:00-19:00","60","300",日曜・休日を除く,"１月１日〜３日を除く",パーキング・チケット,1,0,0,0
747,"09:00-19:00","60","300",,"１月１日〜３日を除く",パーキング・メーター,1,0,0,0
751,"09:00-19:00","60","300",日曜・休日を除く,"１月１日〜３日を除く",パーキング・メーター,1,0,0,0
753,"09:00-19:00","60","300",日曜・休日を除く,"１月１日〜３日を除く",パーキング・メーター,1,0,0,0
755,"09:00-19:00","60","300",日曜・休日を除く,"１月１日〜３日を除く",パーキング・メーター,1,0,0,1
756,"09:00-19:00","60","300",日曜・休日を除く,"１月１日〜３日を除く",パーキング・メーター,1,0,0,1
757,"09:00-19:00","60","300",日曜・休日を除く,"１月１日〜３日を除く",パーキング・メーター,1,0,0,0
758,"09:00-19:00","60","300",日曜・休日を除く,"１月１日〜３日を除く",パーキング・メーター,1,0,0,0
759,"09:00-19:00","60","300",日曜・休日を除く,"１月１日〜３日を除く",パーキング・メーター,1,1,0,0
761,"09:00-19:00","60","300",日曜・休日を除く,"１月１日〜３日を除く",パーキング・メーター,1,1,0,0
763,"09:00-19:00","60","300",日曜・休日を除く,"１月１日〜３日を除く",パーキング・メーター,1,1,0,0
765,"09:00-19:00","60","300",日曜・休日を除く,"１月１日〜３日を除く",パーキング・メーター,1,0,0,0
767,"09:00-19:00","60","300",日曜・休日を除く,"１月１日〜３日を除く",パーキング・メーター,1,1,0,0
769,"09:00-19:00","60","300",日曜・休日を除く,"１月１日〜３日を除く",パーキング・メーター,1,1,0,0
771,"09:00-19:00","60","300",,"１月１日〜３日を除く",パーキング・メーター,1,0,0,0
772,"09:00-19:00","60","300",,"１月１日〜３日を除く",パーキング・メーター,1,1,0,0
775,"09:00-19:00","60","300",日曜・休日を除く,"１月１日〜３日を除く",パーキング・メーター,1,1,0,0
777,"09:00-19:00","60","300",日曜・休日を除く,"１月１日〜３日を除く",パーキング・メーター,1,0,0,0
778,"09:00-19:00","60","300",日曜・休日を除く,"１月１日〜３日を除く",パーキング・メーター,1,0,0,0
781,"09:00-19:00","60","300",,"１月１日〜３日を除く",パーキング・メーター,1,1,0,0
783,"09:00-19:00","60","300",日曜・休日を除く,"１月１日〜３日を除く",パーキング・メーター,1,0,0,0
785,"09:00-19:00","60","300",日曜・休日を除く,"１月１日〜３日を除く",パーキング・メーター,1,1,0,0
789,"09:00-19:00","60","300",日曜・休日を除く,"１月１日〜３日を除く",パーキング・メーター,1,1,0,0
791,"09:00-19:00","60","300",日曜・休日を除く,"１月１日〜３日を除く",パーキング・メーター,1,0,0,0
793,"09:00-19:00","60","300",日曜・休日を除く,"１月１日〜３日を除く",パーキング・メーター,1,0,0,0
795,"09:00-19:00","60","300",日曜・休日を除く,"１月１日〜３日を除く",パーキング・メーター,1,0,0,0
796,"09:00-19:00","60","300",,"１月１日〜３日を除く",パーキング・メーター,1,0,0,0
800,"09:00-21:00","60","300",,"１月１日〜３日を除く",パーキング・メーター,1,1,0,0
801,"09:00-19:00","60","300",日曜・休日を除く,"１月１日〜３日を除く",パーキング・メーター,1,1,0,0
803,"09:00-19:00","60","300",日曜・休日を除く,"１月１日〜３日を除く",パーキング・メーター,1,0,0,0
804,"09:30-19:00","60","300",日曜・休日を除く,"１月１日〜３日を除く",パーキング・メーター,1,0,0,0
806,"09:30-19:00","60","300",日曜・休日を除く,"１月１日〜３日を除く",パーキング・メーター,1,1,0,0
808,"09:00-19:00","60","300",日曜・休日を除く,"１月１日〜３日を除く",パーキング・メーター,1,1,0,0
809,"09:00-19:00","60","300",日曜・休日を除く,"１月１日〜３日を除く",パーキング・メーター,1,0,0,0
811,"09:00-19:00","60","300",日曜・休日を除く,"１月１日〜３日を除く",パーキング・メーター,1,0,0,0
813,"09:00-19:00","60","300",日曜・休日を除く,"１月１日〜３日を除く",パーキング・メーター,1,0,0,0
814,"09:00-19:00","60","300",日曜・休日を除く,"１月１日〜３日を除く",パーキング・メーター,1,0,0,0
816,"09:00-19:00","60","300",土・日曜、休日を除く,"１月１日〜３日を除く",パーキング・メーター,1,1,0,0
818,"09:00-20:00","60","300",日曜・休日を除く,"１月１日〜３日を除く",パーキング・チケット,1,1,0,0
820,"09:00-19:00","60","300",日曜・休日を除く,"１月１日〜３日を除く",パーキング・チケット,1,0,0,0
822,"09:00-19:00","60","300",日曜・休日を除く,"１月１日〜３日を除く",パーキング・チケット,1,0,0,0
823,"09:00-19:00","60","300",日曜・休日を除く,"１月１日〜３日を除く",パーキング・メーター,1,0,0,0
824,"09:00-19:00","60","300",日曜・休日を除く,"１月１日〜３日を除く",パーキング・メーター,1,0,0,0
826,"09:00-19:00","60","300",日曜・休日を除く,"１月１日〜３日を除く",パーキング・メーター,1,0,0,0
827,"09:00-19:00","60","300",日曜・休日を除く,"１月１日〜３日を除く",パーキング・メーター,1,1,0,0
829,"09:00-19:00","60","300",日曜・休日を除く,"１月１日〜３日を除く",パーキング・チケット,1,1,0,0
831,"09:00-19:00","60","300",日曜・休日を除く,"１月１日〜３日を除く",パーキング・メーター,1,0,0,0
832,"09:00-19:00","60","300",日曜・休日を除く,"１月１日〜３日を除く",パーキング・メーター,1,1,0,0
834,"09:00-19:00","60","300",日曜・休日を除く,"１月１日〜３日を除く",パーキング・メーター,1,0,0,0
836,"09:00-19:00","60","300",日曜・休日を除く,"１月１日〜３日を除く",パーキング・メーター,1,0,0,0
837,"09:00-19:00","60","300",土・日曜、休日を除く,"１月１日〜３日を除く",パーキング・チケット,1,0,0,0
839,"09:00-19:00","60","300",日曜・休日を除く,"１月１日〜３日を除く",パーキング・メーター,1,1,0,0
841,"09:00-19:00","60","300",日曜・休日を除く,"１月１日〜３日を除く",パーキング・メーター,1,1,0,0
843,"09:00-19:00","60","300",日曜・休日を除く,"１月１日〜３日を除く",パーキング・メーター,1,1,0,0
845,"09:00-19:00","60","300",日曜・休日を除く,"１月１日〜３日を除く",パーキング・メーター,1,1,0,0
846,"09:00-19:00","60","300",日曜・休日を除く,"１月１日〜３日を除く",パーキング・メーター,1,0,0,0
851,"09:00-19:00","60","300",,"１月１日〜３日を除く",パーキング・チケット,1,1,0,0
853,"09:00-19:00","60","300",,"１月１日〜３日を除く",パーキング・メーター,1,1,0,0
855,"09:00-19:00","60","300",,"１月１日〜３日を除く",パーキング・メーター,1,1,0,0
857,"09:00-19:00","60","300",,"１月１日〜３日を除く",パーキング・メーター,1,0,0,0
859,"09:00-19:00","60","300",日曜・休日を除く,"１月１日〜３日を除く",パーキング・メーター,1,0,0,0
860,"09:00-19:00","60","300",日曜・休日を除く,"１月１日〜３日を除く",パーキング・メーター,1,0,0,0
862,"09:00-19:00","60","300",日曜・休日を除く,"１月１日〜３日を除く",パーキング・メーター,1,1,0,0
865,"09:00-19:00","60","300",土・日曜、休日を除く,"１月１日〜３日を除く",パーキング・メーター,1,1,0,0
867,"09:00-19:00","60","300",日曜・休日を除く,"１月１日〜３日を除く",パーキング・メーター,1,0,0,0
869,"09:00-19:00","60","300",日曜・休日を除く,"１月１日〜３日を除く",パーキング・メーター,1,1,0,0
870,"09:00-19:00","60","300",日曜・休日を除く,"１月１日〜３日を除く",パーキング・メーター,1,1,0,0
874,"09:00-19:00","60","300",日曜・休日を除く,"１月１日〜３日を除く",パーキング・メーター,1,1,0,0
876,"09:00-19:00","60","300",日曜・休日を除く,"１月１日〜３日を除く",パーキング・メーター,1,0,0,0
877,"09:00-19:00","60","300",日曜・休日を除く,"１月１日〜３日を除く",パーキング・メーター,1,1,0,0
879,"09:00-19:00","60","300",日曜・休日を除く,"１月１日〜３日を除く",パーキング・メーター,1,0,0,0
881,"09:00-19:00","60","300",日曜・休日を除く,"１月１日〜３日を除く",パーキング・メーター,1,0,0,0
883,"09:00-19:00","60","300",日曜・休日を除く,"１月１日〜３日を除く",パーキング・メーター,1,0,0,0
885,"09:00-19:00","60","300",日曜・休日を除く,"１月１日〜３日を除く",パーキング・メーター,1,0,0,0
887,"09:00-19:00","60","300",日曜・休日を除く,"１月１日〜３日を除く",パーキング・メーター,1,0,0,0
890,"09:00-19:00","60","300",日曜・休日を除く,"１月１日〜３日を除く",パーキング・メーター,1,1,0,0
892,"09:00-19:00","60","300",日曜・休日を除く,"１月１日〜３日を除く",パーキング・メーター,1,0,0,0
894,"09:00-19:00","60","300",日曜・休日を除く,"１月１日〜３日を除く",パーキング・メーター,1,1,0,0
896,"09:00-19:00","60","300",日曜・休日を除く,"１月１日〜３日を除く",パーキング・メーター,1,1,0,0
898,"09:00-19:00","60","300",日曜・休日を除く,"１月１日〜３日を除く",パーキング・メーター,1,0,0,0
900,"09:00-19:00","60","300",日曜・休日を除く,"１月１日〜３日を除く",パーキング・メーター,1,1,0,0
902,"09:00-19:00","60","300",日曜・休日を除く,"１月１日〜３日を除く",パーキング・チケット,1,0,0,0
906,"09:00-19:00","60","300",日曜・休日を除く,"１月１日〜３日を除く",パーキング・メーター,1,1,0,0
908,"09:00-19:00","60","300",日曜・休日を除く,"１月１日〜３日を除く",パーキング・メーター,1,0,0,0
909,"09:00-19:00","60","300",日曜・休日を除く,"１月１日〜３日を除く",パーキング・メーター,1,0,0,0
911,"09:00-19:00","60","300",日曜・休日を除く,"１月１日〜３日を除く",パーキング・メーター,1,0,0,0
912,"09:00-19:00","60","300",,"１月１日〜３日を除く",パーキング・メーター,1,0,0,0
914,"09:00-19:00","60","300",,"１月１日〜３日を除く",パーキング・メーター,1,1,0,0
916,"09:00-19:00","60","300",,"１月１日〜３日を除く",パーキング・メーター,1,1,0,0
920,"09:00-19:00","60","300",日曜・休日を除く,"１月１日〜３日を除く",パーキング・メーター,1,1,0,0
921,"09:00-19:00","60","300",日曜・休日を除く,"１月１日〜３日を除く",パーキング・チケット,1,1,0,0
922,"09:00-19:00","60","300",日曜・休日を除く,"１月１日〜３日を除く",パーキング・チケット,1,1,0,0
923,"09:00-20:00","60","300",日曜・休日を除く,"１月１日〜３日を除く",パーキング・メーター,1,1,0,0
924,"09:00-20:00","60","300",日曜・休日を除く,"１月１日〜３日を除く",パーキング・メーター,1,1,0,0
926,"09:00-19:00","60","300",日曜・休日を除く,"１月１日〜３日を除く",パーキング・メーター,1,0,0,0
927,"09:00-19:00","60","300",日曜・休日を除く,"１月１日〜３日を除く",パーキング・メーター,1,1,0,0
929,"09:00-19:00","60","300",日曜・休日を除く,"１月１日〜３日を除く",パーキング・メーター,1,1,0,0
931,"09:00-19:00","60","300",日曜・休日を除く,"１月１日〜３日を除く",パーキング・メーター,1,1,0,0
932,"09:00-19:00","60","300",日曜・休日を除く,"１月１日〜３日を除く",パーキング・メーター,1,1,0,0
933,"09:00-19:00","60","300",日曜・休日を除く,"１月１日〜３日を除く",パーキング・メーター,1,0,0,0
934,"09:00-19:00","60","300",日曜・休日を除く,"１月１日〜３日を除く",パーキング・メーター,1,0,0,0
935,"09:00-19:00","60","300",,"１月１日〜３日を除く",パーキング・チケット,1,0,0,0
936,"09:00-19:00","60","300",日曜・休日を除く,"１月１日〜３日を除く",パーキング・メーター,1,0,0,0
938,"09:00-19:00","60","300",,"１月１日〜３日を除く",パーキング・チケット,1,0,0,0
939,"09:00-19:00","60","300",日曜・休日を除く,"１月１日〜３日を除く",パーキング・チケット,1,0,0,0
940,"09:00-19:00","60","300",日曜・休日を除く,"１月１日〜３日を除く",パーキング・チケット,1,0,0,0
942,"09:00-19:00","60","300",日曜・休日を除く,"１月１日〜３日を除く",パーキング・メーター,1,1,0,0
943,"09:00-19:00","60","300",日曜・休日を除く,"１月１日〜３日を除く",パーキング・メーター,1,1,0,0
946,"09:00-19:00","60","300",日曜・休日を除く,"１月１日〜３日を除く",パーキング・メーター,1,0,0,0
947,"09:00-19:00","60","300",日曜・休日を除く,"１月１日〜３日を除く",パーキング・メーター,1,0,0,0
948,"09:00-20:00","60","300",日曜・休日を除く,"１月１日〜３日を除く",パーキング・メーター,1,1,0,0
950,"09:00-19:00","60","300",日曜・休日を除く,"１月１日〜３日を除く",パーキング・メーター,1,1,0,0
951,"09:00-19:00","60","300",日曜・休日を除く,"１月１日〜３日を除く",パーキング・メーター,1,0,0,0
953,"09:00-19:00","60","300",日曜・休日を除く,"１月１日〜３日を除く",パーキング・メーター,1,1,0,0
955,"09:00-19:00","60","300",日曜・休日を除く,"１月１日〜３日を除く",パーキング・メーター,1,0,0,0
957,"09:00-19:00","60","300",日曜・休日を除く,"１月１日〜３日を除く",パーキング・メーター,1,0,0,0
960,"09:00-19:00","60","300",日曜・休日を除く,"１月１日〜３日を除く",パーキング・メーター,1,0,0,0
963,"09:00-19:00","60","300",日曜・休日を除く,"１月１日〜３日を除く",パーキング・メーター,1,0,0,0
964,"09:00-19:00","60","300",日曜・休日を除く,"１月１日〜３日を除く",パーキング・メーター,1,1,0,0
966,"09:00-19:00","60","300",日曜・休日を除く,"１月１日〜３日を除く",パーキング・メーター,1,0,0,0
967,"08:00-20:00","60","300",,"１月１日〜３日を除く",パーキング・メーター,1,0,0,0
969,"07:00-20:00","60","300",,"１月１日〜３日を除く",パーキング・メーター,1,0,0,0
970,"09:00-19:00","60","300",日曜・休日を除く,"１月１日〜３日を除く",パーキング・メーター,1,0,0,0
971,"09:00-19:00","60","300",日曜・休日を除く,"１月１日〜３日を除く",パーキング・チケット,1,0,0,0
973,"09:00-19:00","60","300",日曜・休日を除く,"１月１日〜３日を除く",パーキング・メーター,1,0,0,0
975,"09:00-19:00","60","300",日曜・休日を除く,"１月１日〜３日を除く",パーキング・チケット,1,1,0,0
977,"09:00-19:00","60","300",日曜・休日を除く,"１月１日〜３日を除く",パーキング・メーター,1,0,0,0
979,"09:00-21:00","60","300",,"１月１日〜３日を除く",パーキング・メーター,1,1,0,0
980,"09:00-19:00","60","300",日曜・休日を除く,"１月１日〜３日を除く",パーキング・メーター,1,1,0,0
981,"09:00-19:00","60","300",日曜・休日を除く,"１月１日〜３日を除く",パーキング・メーター,1,1,0,0
982,"09:00-19:00","60","300",日曜・休日を除く,"１月１日〜３日を除く",パーキング・メーター,1,1,0,0
983,"09:00-19:00","60","300",日曜・休日を除く,"１月１日〜３日を除く",パーキング・メーター,1,0,0,0
984,"09:00-19:00","60","300",日曜・休日を除く,"１月１日〜３日を除く",パーキング・メーター,1,0,0,0
986,"09:00-19:00","60","300",日曜・休日を除く,"１月１日〜３日を除く",パーキング・メーター,1,1,0,0
988,"09:00-19:00","60","300",日曜・休日を除く,"１月１日〜３日を除く",パーキング・メーター,1,0,0,0
989,"09:00-19:00","60","300",日曜・休日を除く,"１月１日〜３日を除く",パーキング・メーター,1,0,0,0
990,"09:00-19:00","60","300",日曜・休日を除く,"１月１日〜３日を除く",パーキング・チケット,1,1,0,0
992,"09:00-21:00","60","300",,"１月１日〜３日を除く",パーキング・メーター,1,1,0,0
993,"09:00-19:00","60","300",日曜・休日を除く,"１月１日〜３日を除く",パーキング・メーター,1,1,0,0
994,"09:00-19:00","60","300",日曜・休日を除く,"１月１日〜３日を除く",パーキング・メーター,1,0,0,0
995,"09:00-19:00","60","300",,"１月１日〜３日を除く",パーキング・メーター,1,1,0,0
996,"09:00-19:00","60","300",,"１月１日〜３日を除く",パーキング・メーター,1,1,0,0
998,"09:00-19:00","60","300",日曜・休日を除く,"１月１日〜３日を除く",パーキング・メーター,1,1,0,0
1001,"09:00-19:00","60","300",日曜・休日を除く,"１月１日〜３日を除く",パーキング・メーター,1,0,0,0
1003,"09:00-19:00","60","300",日曜・休日を除く,"１月１日〜３日を除く",パーキング・メーター,1,1,0,0
1005,"09:00-19:00","60","300",日曜・休日を除く,"１月１日〜３日を除く",パーキング・メーター,1,0,0,0
1007,"09:00-19:00","60","300",日曜・休日を除く,"１月１日〜３日を除く",パーキング・メーター,1,0,0,0
1008,"09:00-19:00","60","300",日曜・休日を除く,"１月１日〜３日を除く",パーキング・メーター,1,0,0,0
1009,"09:00-19:00","60","300",日曜・休日を除く,"１月１日〜３日を除く",パーキング・メーター,1,0,0,0
1010,"09:00-19:00","60","300",日曜・休日を除く,"１月１日〜３日を除く",パーキング・メーター,1,1,0,0
1011,"09:30-19:00","60","300",,"１月１日〜３日を除く",パーキング・メーター,1,0,0,0
1012,"09:00-19:00","60","300",日曜・休日を除く,"１月１日〜３日を除く",パーキング・チケット,1,0,0,0
1014,"09:00-19:00","60","300",日曜・休日を除く,"１月１日〜３日を除く",パーキング・メーター,1,1,0,0
1015,"09:00-21:00","60","300",,"１月１日〜３日を除く",パーキング・メーター,1,1,0,0
1016,"09:00-21:00","60","300",,"１月１日〜３日を除く",パーキング・メーター,1,1,0,0
1017,"09:00-19:00","60","300",,"１月１日〜３日を除く",パーキング・メーター,1,1,0,0
1018,"09:00-21:00","60","300",,"１月１日〜３日を除く",パーキング・メーター,1,1,0,0
1019,"09:00-19:00","60","300",日曜・休日を除く,"１月１日〜３日を除く",パーキング・メーター,1,1,0,0
1021,"09:30-19:00","60","300",日曜・休日を除く,"１月１日〜３日を除く",パーキング・メーター,1,0,0,0
1026,"09:00-19:00","60","300",日曜・休日を除く,"１月１日〜３日を除く",パーキング・メーター,1,1,0,0
1027,"09:00-19:00","60","300",日曜・休日を除く,"１月１日〜３日を除く",パーキング・メーター,1,1,0,0
1029,"08:00-20:00","60","300",,"１月１日〜３日を除く",パーキング・メーター,1,1,0,0
1030,"08:00-20:00","60","300",,"１月１日〜３日を除く",パーキング・メーター,1,1,0,0
1031,"08:00-20:00","60","300",,"１月１日〜３日を除く",パーキング・メーター,1,1,0,0
1033,"09:00-19:00","60","300",日曜・休日を除く,"１月１日〜３日を除く",パーキング・メーター,1,0,0,0
1035,"07:00-20:00","40","200",,"１月１日〜３日を除く",パーキング・メーター,1,1,0,0
1036,"07:00-14:00","40","200",日曜・休日を除く,"１月１日〜３日を除く",パーキング・メーター,1,1,0,0
1037,"07:00-20:00","40","200",,"１月１日〜３日を除く",パーキング・メーター,1,1,0,0
1038,"07:00-20:00","40","200",,"１月１日〜３日を除く",パーキング・チケット,1,1,0,0
1041,"07:00-20:00","40","200",日曜・休日を除く,"１月１日〜３日を除く",パーキング・メーター,1,1,0,0
1043,"07:00-20:00","40","200",,"１月１日〜３日を除く",パーキング・チケット,1,1,0,0
1045,"09:00-19:00","60","300",日曜・休日を除く,"１月１日〜３日を除く",パーキング・メーター,1,0,0,0
1047,"09:00-19:00","60","300",,"１月１日〜３日を除く",パーキング・メーター,1,0,0,0
1048,"09:00-19:00","40","200",日曜・休日を除く,"１月１日〜３日を除く",パーキング・メーター,1,1,0,0
1049,"09:00-19:00","40","200",日曜・休日を除く,"１月１日〜３日を除く",パーキング・メーター,1,1,0,0
1050,"07:00-20:00","40","200",,"１月１日〜３日を除く",パーキング・メーター,1,1,0,0
1051,"07:00-20:00","40","200",,"１月１日〜３日を除く",パーキング・メーター,1,1,0,0
1052,"07:00-20:00","20","100",,"１月１日〜３日を除く",パーキング・メーター,1,0,0,0
1053,"07:00-20:00","40","200",,"１月１日〜３日を除く",パーキング・メーター,1,1,0,0
1056,"09:00-19:00","40","200",日曜・休日を除く,"１月１日〜３日を除く",パーキング・メーター,1,0,0,0
1057,"09:00-19:00","40","200",日曜・休日を除く,"１月１日〜３日を除く",パーキング・メーター,1,1,0,0
1059,"09:00-19:00","60","300",日曜・休日を除く,"１月１日〜３日を除く",パーキング・メーター,1,1,0,0
1061,"07:00-20:00","60","300",,"１月１日〜３日を除く",パーキング・メーター,1,1,0,0
1062,"09:00-19:00","60","300",日曜・休日を除く,"１月１日〜３日を除く",パーキング・メーター,1,0,0,0
1063,"09:00-19:00","60","300",日曜・休日を除く,"１月１日〜３日を除く",パーキング・メーター,1,0,0,0
1065,"09:00-19:00","60","300",,"１月１日〜３日を除く",パーキング・メーター,1,0,0,0
1067,"09:00-19:00","60","300",日曜・休日を除く,"１月１日〜３日を除く",パーキング・メーター,1,0,0,0
1068,"09:00-21:00","60","300",,"１月１日〜３日を除く",パーキング・メーター,1,1,0,0
1069,"09:00-19:00","60","300",日曜・休日を除く,"１月１日〜３日を除く",パーキング・メーター,1,1,0,0
1070,"09:00-19:00","40","200",日曜・休日を除く,"１月１日〜３日を除く",パーキング・メーター,1,1,0,0
1071,"09:00-19:00","40","200",日曜・休日を除く,"１月１日〜３日を除く",パーキング・メーター,1,1,0,0
1073,"08:00-20:00","40","200",,"１月１日〜３日を除く",パーキング・メーター,1,1,0,0
1074,"08:00-20:00","40","200",,"１月１日〜３日を除く",パーキング・メーター,1,1,0,0
1075,"08:00-20:00","40","200",,"１月１日〜３日を除く",パーキング・メーター,1,1,0,0
1076,"08:00-20:00","40","200",,"１月１日〜３日を除く",パーキング・メーター,1,1,0,0
1077,"08:00-20:00","40","200",,"１月１日〜３日を除く",パーキング・メーター,1,1,0,0
1078,"08:00-20:00","40","200",,"１月１日〜３日を除く",パーキング・メーター,1,1,0,0
1079,"08:00-20:00","40","200",,"１月１日〜３日を除く",パーキング・メーター,1,1,0,0
1080,"08:00-20:00","40","200",,"１月１日〜３日を除く",パーキング・メーター,1,1,0,0
1081,"08:00-20:00","60","300",,"１月１日〜３日を除く",パーキング・メーター,1,1,0,0
1082,"09:00-19:00","60","300",,"１月１日〜３日を除く",パーキング・チケット,1,1,0,0
1083,"09:00-19:00","60","300",,"１月１日〜３日を除く",パーキング・チケット,1,1,0,0
1084,"09:00-19:00","60","300",日曜・休日を除く,"１月１日〜３日を除く",パーキング・メーター,1,0,0,0
1085,"09:00-19:00","60","300",日曜・休日を除く,"１月１日〜３日を除く",パーキング・チケット,1,1,0,0
1087,"09:00-20:00","60","100",,"１月１日〜３日を除く",パーキング・チケット,0,0,1,0
1090,"09:00-20:00","60","300",,"１月１日〜３日を除く",パーキング・チケット,1,0,0,0
1091,"07:00-20:00","20","100",,"１月１日〜３日を除く",パーキング・メーター,1,0,0,0
1092,"09:00-19:00","20","100",,"１月１日〜３日を除く",パーキング・メーター,1,0,0,0
1094,"09:00-19:00","20","100",,"１月１日〜３日を除く",パーキング・メーター,1,0,0,0
1095,"08:00-20:00","20","100",,"１月１日〜３日を除く",パーキング・メーター,1,0,0,0
1096,"08:00-20:00","20","100",,"１月１日〜３日を除く",パーキング・メーター,1,1,0,0
1100,"09:00-19:00","20","100",日曜・休日を除く,"１月１日〜３日を除く",パーキング・メーター,1,0,0,0
1101,"09:00-21:00","20","100",,"１月１日〜３日を除く",パーキング・メーター,1,0,0,0
1103,"09:00-21:00","20","100",,"１月１日〜３日を除く",パーキング・メーター,1,0,0,0
1104,"07:00-20:00","20","100",日曜・休日を除く,"１月１日〜３日を除く",パーキング・メーター,1,0,0,0
1105,"09:00-19:00","20","100",,"１月１日〜３日を除く",パーキング・メーター,1,0,0,0
1106,"09:00-19:00","20","100",日曜・休日を除く,"１月１日〜３日を除く",パーキング・メーター,1,0,0,0
1107,"09:00-19:00","20","100",,"１月１日〜３日を除く",パーキング・メーター,1,0,0,0
1109,"09:00-19:00","20","100",日曜・休日を除く,"１月１日〜３日を除く",パーキング・メーター,1,0,0,0
1110,"09:00-19:00","20","100",日曜・休日を除く,"１月１日〜３日を除く",パーキング・メーター,1,0,0,0
1111,"09:00-19:00","20","100",日曜・休日を除く,"１月１日〜３日を除く",パーキング・メーター,1,0,0,0
1112,"10:00-20:00","60","300",日曜・休日を除く,"１月１日〜３日を除く",パーキング・チケット,1,1,0,0
1114,"09:00-19:00","60","300",日曜・休日を除く,"１月１日〜３日を除く",パーキング・チケット,1,1,0,0
1115,"09:00-19:00","60","300",日曜・休日を除く,"１月１日〜３日を除く",パーキング・チケット,1,0,0,0
1118,"09:00-19:00","60","300",日曜・休日を除く,"１月１日〜３日を除く",パーキング・メーター,1,0,0,0
1119,"09:00-19:00","60","300",日曜・休日を除く,"１月１日〜３日を除く",パーキング・メーター,1,1,0,0
1122,"09:00-19:00","60","300",日曜・休日を除く,"１月１日〜３日を除く",パーキング・チケット,1,1,0,0
1123,"09:00-19:00","60","300",日曜・休日を除く,"１月１日〜３日を除く",パーキング・メーター,1,0,0,0
1124,"09:00-19:00","20","100",日曜・休日を除く,"１月１日〜３日を除く",パーキング・メーター,1,0,0,0
1127,"09:30-19:00","60","300",日曜・休日を除く,"１月１日〜３日を除く",パーキング・メーター,1,1,0,0
1129,"09:00-19:00","60","300",土・日曜、休日を除く,"１月１日〜３日を除く",パーキング・チケット,1,0,0,0
1131,"08:00-20:00","60","300",日曜・休日を除く,"１月１日〜３日を除く",パーキング・メーター,1,0,0,0
1132,"09:00-19:00","60","300",日曜・休日を除く,"１月１日〜３日を除く",パーキング・メーター,1,0,0,0
1134,"09:00-19:00","60","300",日曜・休日を除く,"１月１日〜３日を除く",パーキング・チケット,1,1,0,0
1135,"09:00-19:00","60","300",日曜・休日を除く,"１月１日〜３日を除く",パーキング・チケット,1,1,0,0
1136,"09:00-19:00","60","300",日曜・休日を除く,"１月１日〜３日を除く",パーキング・メーター,1,0,0,0
1137,"09:00-19:00","60","300",日曜・休日を除く,"１月１日〜３日を除く",パーキング・チケット,1,1,0,0
1139,"07:00-20:00","60","300",日曜・休日を除く,"１月１日〜３日を除く",パーキング・メーター,1,1,0,0
1141,"07:00-20:00","60","300",,"１月１日〜３日を除く",パーキング・チケット,1,0,0,0
1144,"09:00-21:00","60","100",,"１月１日〜３日を除く",パーキング・チケット,0,0,1,0
2006,"09:00-19:00","60","300",日曜・休日を除く,"１月１日〜３日を除く",パーキング・メーター,1,1,0,0
2007,"09:00-19:00","60","100",,"１月１日〜３日を除く",パーキング・チケット,0,0,1,0
2064,"07:00-20:00","60","300",,"１月１日〜３日を除く",パーキング・メーター,1,0,0,0
2099,"07:00-20:00","60","300",,"１月１日〜３日を除く",パーキング・メーター,1,0,0,0
2100,"09:00-19:00","60","300",日曜・休日を除く,"１月１日〜３日を除く",パーキング・チケット,1,0,0,0
2101,"09:00-19:00","60","300",日曜・休日を除く,"１月１日〜３日を除く",パーキング・チケット,1,1,0,0
2102,"09:00-19:00","60","300",日曜・休日を除く,"１月１日〜３日を除く",パーキング・チケット,1,1,0,0
2103,"09:00-19:00","60","300",日曜・休日を除く,"１月１日〜３日を除く",パーキング・チケット,1,0,0,0
2104,"09:00-19:00","60","300",日曜・休日を除く,"１月１日〜３日を除く",パーキング・チケット,1,0,0,0
2105,"09:00-19:00","60","300",日曜・休日を除く,"１月１日〜３日を除く",パーキング・メーター,1,0,0,0
2106,"09:00-19:00","60","300",日曜・休日を除く,"１月１日〜３日を除く",パーキング・メーター,1,0,0,0
2108,"09:00-19:00","60","300",日曜・休日を除く,"１月１日〜３日を除く",パーキング・メーター,1,0,0,0
2109,"09:00-19:00","60","300",日曜・休日を除く,"１月１日〜３日を除く",パーキング・メーター,1,0,0,0
2111,"09:00-19:00","60","300",日曜・休日を除く,"１月１日〜３日を除く",パーキング・メーター,1,0,0,0
2113,"09:30-19:00","60","300",日曜・休日を除く,"１月１日〜３日を除く",パーキング・メーター,1,0,0,0
2114,"09:30-19:00","60","300",日曜・休日を除く,"１月１日〜３日を除く",パーキング・メーター,1,0,0,0
2115,"09:00-19:00","60","300",日曜・休日を除く,"１月１日〜３日を除く",パーキング・チケット,1,1,0,0
2116,"09:00-19:00","60","300",日曜・休日を除く,"１月１日〜３日を除く",パーキング・メーター,1,0,0,0
2117,"09:00-19:00","60","300",日曜・休日を除く,"１月１日〜３日を除く",パーキング・メーター,1,1,0,0
2118,"09:00-19:00","60","300",日曜・休日を除く,"１月１日〜３日を除く",パーキング・メーター,1,1,0,0
2119,"09:00-21:00","60","300",,"１月１日〜３日を除く",パーキング・メーター,1,1,0,0
2120,"09:00-19:00","60","300",日曜・休日を除く,"１月１日〜３日を除く",パーキング・チケット,1,0,0,0
2121,"09:00-19:00","60","300",日曜・休日を除く,"１月１日〜３日を除く",パーキング・チケット,1,0,0,0
2122,"09:00-19:00","60","300",日曜・休日を除く,"１月１日〜３日を除く",パーキング・チケット,1,0,0,0
2123,"09:00-19:00","60","300",日曜・休日を除く,"１月１日〜３日を除く",パーキング・チケット,1,1,0,0
2126,"07:00-20:00","60","300",,"１月１日〜３日を除く",パーキング・チケット,1,1,0,0
2127,"07:00-20:00","60","300",,"１月１日〜３日を除く",パーキング・チケット,1,0,0,0
2128,"07:00-20:00","60","300",,"１月１日〜３日を除く",パーキング・チケット,1,1,0,0
2130,"09:00-19:00","60","100",,"１月１日〜３日を除く",パーキング・チケット,0,0,1,0
2132,"08:00-20:00","60","300",,"１月１日〜３日を除く",パーキング・メーター,1,1,0,0
2133,"07:00-20:00","40","200",日曜・休日を除く,"１月１日〜３日を除く",パーキング・メーター,1,1,0,0
2134,"09:00-19:00","60","300",日曜・休日を除く,"１月１日〜３日を除く",パーキング・チケット,1,1,0,0
2136,"09:00-19:00","60","300",日曜・休日を除く,"１月１日〜３日を除く",パーキング・チケット,1,1,0,0
2142,"07:00-20:00","40","200",,"１月１日〜３日を除く",パーキング・メーター,1,1,0,0
2144,"09:00-19:00","60","300",,"１月１日〜３日を除く",パーキング・メーター,1,1,0,0
2146,"09:00-19:00","60","300",日曜・休日を除く,"１月１日〜３日を除く",パーキング・チケット,1,0,0,0
